<?xml version="1.0" encoding="utf-8" ?>

<Patch>
	<Operation Class="PatchOperationSequence">
		<success>Always</success>
		<operations>
			<li Class="PatchOperationFindMod">
				<mods>
					<li>Maru Race</li>
				</mods>
				<match Class="PatchOperationSequence">
					<operations>
			
						<!-- ======= Ranged Combat Suit ====== -->
						<li Class="PatchOperationAdd">
							<xpath>Defs/ThingDef[defName="MR_RangedCombatSuit"]/statBases</xpath>
							<value>
								<Bulk>8</Bulk>
								<WornBulk>4</WornBulk>
							</value>
						</li>
						
						<li Class="PatchOperationReplace">
							<xpath>Defs/ThingDef[defName="MR_RangedCombatSuit"]/statBases/ArmorRating_Sharp</xpath>
							<value>
								<ArmorRating_Sharp>1</ArmorRating_Sharp>
							</value>
						</li>
						
						<li Class="PatchOperationReplace">
							<xpath>Defs/ThingDef[defName="MR_RangedCombatSuit"]/statBases/ArmorRating_Blunt</xpath>
							<value>
								<ArmorRating_Blunt>1</ArmorRating_Blunt>
							</value>
						</li>
						
						<li Class="PatchOperationReplace">
							<xpath>Defs/ThingDef[defName="MR_RangedCombatSuit"]/statBases/StuffEffectMultiplierArmor</xpath>
							<value>
								<StuffEffectMultiplierArmor>3.5</StuffEffectMultiplierArmor>
							</value>
						</li>
						
						<!-- ======= Melee Combat Suit ====== -->
						<li Class="PatchOperationAdd">
							<xpath>Defs/ThingDef[defName="MR_MeleeCombatSuit"]/statBases</xpath>
							<value>
								<Bulk>18</Bulk>
								<WornBulk>6</WornBulk>
							</value>
						</li>
						
						<li Class="PatchOperationReplace">
							<xpath>Defs/ThingDef[defName="MR_MeleeCombatSuit"]/statBases/ArmorRating_Sharp</xpath>
							<value>
								<ArmorRating_Sharp>2</ArmorRating_Sharp>
							</value>
						</li>
						
						<li Class="PatchOperationAdd">
							<xpath>Defs/ThingDef[defName="MR_MeleeCombatSuit"]/statBases</xpath>
							<value>
								<ArmorRating_Blunt>3</ArmorRating_Blunt>
							</value>
						</li>
						
						<li Class="PatchOperationReplace">
							<xpath>Defs/ThingDef[defName="MR_MeleeCombatSuit"]/statBases/StuffEffectMultiplierArmor</xpath>
							<value>
								<StuffEffectMultiplierArmor>5</StuffEffectMultiplierArmor>
							</value>
						</li>
						
						<!-- ======= Maru Hunting Mask ====== -->
						<li Class="PatchOperationAdd">
							<xpath>Defs/ThingDef[defName="MR_huntingmask"]/statBases</xpath>
							<value>
								<Bulk>3</Bulk>
								<WornBulk>2</WornBulk>
							</value>
						</li>
						
						<li Class="PatchOperationReplace">
							<xpath>Defs/ThingDef[defName="MR_huntingmask"]/statBases/ArmorRating_Sharp</xpath>
							<value>
								<ArmorRating_Sharp>4</ArmorRating_Sharp>
							</value>
						</li>
						
						<li Class="PatchOperationReplace">
							<xpath>Defs/ThingDef[defName="MR_huntingmask"]/statBases/ArmorRating_Blunt</xpath>
							<value>
								<ArmorRating_Blunt>3</ArmorRating_Blunt>
							</value>
						</li>
						
						<li Class="PatchOperationRemove">
							<xpath>Defs/ThingDef[defName="MR_huntingmask"]/statBases/StuffEffectMultiplierArmor</xpath>
						</li>
						
						<!-- ======= Maru Modified Hunting Mask ====== -->
						<li Class="PatchOperationAdd">
							<xpath>Defs/ThingDef[defName="MR_huntingmaskR"]/statBases</xpath>
							<value>
								<Bulk>3</Bulk>
								<WornBulk>2</WornBulk>
							</value>
						</li>
						
						<li Class="PatchOperationReplace">
							<xpath>Defs/ThingDef[defName="MR_huntingmaskR"]/statBases/ArmorRating_Sharp</xpath>
							<value>
								<ArmorRating_Sharp>4</ArmorRating_Sharp>
							</value>
						</li>
						
						<li Class="PatchOperationReplace">
							<xpath>Defs/ThingDef[defName="MR_huntingmaskR"]/statBases/ArmorRating_Blunt</xpath>
							<value>
								<ArmorRating_Blunt>3</ArmorRating_Blunt>
							</value>
						</li>
						
						<li Class="PatchOperationRemove">
							<xpath>Defs/ThingDef[defName="MR_huntingmaskR"]/statBases/StuffEffectMultiplierArmor</xpath>
						</li>
						
						<!-- ======= Maru Mountain Ranger Mask ====== -->
						<li Class="PatchOperationAdd">
							<xpath>Defs/ThingDef[defName="MR_huntingmaskM"]/statBases</xpath>
							<value>
								<Bulk>3</Bulk>
								<WornBulk>1</WornBulk>
							</value>
						</li>
						
						<li Class="PatchOperationReplace">
							<xpath>Defs/ThingDef[defName="MR_huntingmaskM"]/statBases/ArmorRating_Sharp</xpath>
							<value>
								<ArmorRating_Sharp>7</ArmorRating_Sharp>
							</value>
						</li>
						
						<li Class="PatchOperationReplace">
							<xpath>Defs/ThingDef[defName="MR_huntingmaskM"]/statBases/ArmorRating_Blunt</xpath>
							<value>
								<ArmorRating_Blunt>5</ArmorRating_Blunt>
							</value>
						</li>
						
						<!-- ======= Deciphers Life Cap ====== -->
						<li Class="PatchOperationAdd">
							<xpath>Defs/ThingDef[defName="MR_DeciphersLC"]/statBases</xpath>
							<value>
								<Bulk>1</Bulk>
								<WornBulk>0</WornBulk>
							</value>
						</li>
						
						<li Class="PatchOperationReplace">
							<xpath>Defs/ThingDef[defName="MR_DeciphersLC"]/statBases/StuffEffectMultiplierArmor</xpath>
							<value>
								<StuffEffectMultiplierArmor>2.5</StuffEffectMultiplierArmor>
							</value>
						</li>
						
						<!-- ======= Maru Durumagi ====== -->
						<li Class="PatchOperationAdd">
							<xpath>Defs/ThingDef[defName="MR_durumagi"]/statBases</xpath>
							<value>
								<Bulk>7</Bulk>
								<WornBulk>3</WornBulk>
							</value>
						</li>
						
						<li Class="PatchOperationReplace">
							<xpath>Defs/ThingDef[defName="MR_durumagi"]/statBases/StuffEffectMultiplierArmor</xpath>
							<value>
								<StuffEffectMultiplierArmor>3.5</StuffEffectMultiplierArmor>
							</value>
						</li>
						
						<!-- ======= Maru Deciphers Headdress ====== -->
						<li Class="PatchOperationAdd">
							<xpath>Defs/ThingDef[defName="MR_DeciphersHD"]/statBases</xpath>
							<value>
								<Bulk>1</Bulk>
								<WornBulk>0</WornBulk>
							</value>
						</li>
						
						<li Class="PatchOperationReplace">
							<xpath>Defs/ThingDef[defName="MR_DeciphersHD"]/statBases/ArmorRating_Sharp</xpath>
							<value>
								<ArmorRating_Sharp>4.4</ArmorRating_Sharp>
							</value>
						</li>
						
						<li Class="PatchOperationReplace">
							<xpath>Defs/ThingDef[defName="MR_DeciphersHD"]/statBases/ArmorRating_Blunt</xpath>
							<value>
								<ArmorRating_Blunt>2.6</ArmorRating_Blunt>
							</value>
						</li>
						
						<!-- ======= Maru Sanitary Coat ====== -->
						<li Class="PatchOperationAdd">
							<xpath>Defs/ThingDef[defName="MR_sanitarycoat"]/statBases</xpath>
							<value>
								<Bulk>1</Bulk>
								<WornBulk>1</WornBulk>
							</value>
						</li>
						
						<li Class="PatchOperationReplace">
							<xpath>Defs/ThingDef[defName="MR_sanitarycoat"]/statBases/StuffEffectMultiplierArmor</xpath>
							<value>
								<StuffEffectMultiplierArmor>1</StuffEffectMultiplierArmor>
							</value>
						</li>
						
						<!-- ======= Maru Winter Coat ====== -->
						<li Class="PatchOperationAdd">
							<xpath>Defs/ThingDef[defName="MR_wintercoat"]/statBases</xpath>
							<value>
								<Bulk>8</Bulk>
								<WornBulk>4</WornBulk>
							</value>
						</li>
						
						<li Class="PatchOperationReplace">
							<xpath>Defs/ThingDef[defName="MR_wintercoat"]/statBases/StuffEffectMultiplierArmor</xpath>
							<value>
								<StuffEffectMultiplierArmor>4</StuffEffectMultiplierArmor>
							</value>
						</li>
						
						<!-- ======= Maru Hunting Coat ====== -->
						<li Class="PatchOperationAdd">
							<xpath>Defs/ThingDef[defName="MR_HuntingCoat"]/statBases</xpath>
							<value>
								<Bulk>2</Bulk>
								<WornBulk>2</WornBulk>
								<CarryWeight>2</CarryWeight>
								<CarryBulk>4</CarryBulk>
							</value>
						</li>
						
						<li Class="PatchOperationReplace">
							<xpath>Defs/ThingDef[defName="MR_HuntingCoat"]/statBases/StuffEffectMultiplierArmor</xpath>
							<value>
								<StuffEffectMultiplierArmor>3</StuffEffectMultiplierArmor>
							</value>
						</li>
						
						<!-- ======= Maru Decipher's Life Coat ====== -->
						<li Class="PatchOperationAdd">
							<xpath>Defs/ThingDef[defName="MR_Decipherslifecoat"]/statBases</xpath>
							<value>
								<Bulk>1</Bulk>
								<WornBulk>1</WornBulk>
							</value>
						</li>
						
						<li Class="PatchOperationReplace">
							<xpath>Defs/ThingDef[defName="MR_Decipherslifecoat"]/statBases/StuffEffectMultiplierArmor</xpath>
							<value>
								<StuffEffectMultiplierArmor>3</StuffEffectMultiplierArmor>
							</value>
						</li>
						
						<!-- ======= Maru Decipher's Robe ====== -->
						<li Class="PatchOperationAdd">
							<xpath>Defs/ThingDef[defName="MR_Deciphersrobes"]/statBases</xpath>
							<value>
								<Bulk>4</Bulk>
								<WornBulk>2</WornBulk>
								<CarryWeight>3</CarryWeight>
								<CarryBulk>5</CarryBulk>
							</value>
						</li>
						
						<li Class="PatchOperationReplace">
							<xpath>Defs/ThingDef[defName="MR_Deciphersrobes"]/statBases/StuffEffectMultiplierArmor</xpath>
							<value>
								<StuffEffectMultiplierArmor>4</StuffEffectMultiplierArmor>
							</value>
						</li>
						
						<!-- ======= Maru Decipher's Life Clothes ====== -->
						<li Class="PatchOperationAdd">
							<xpath>Defs/ThingDef[defName="MR_Decipherslifeclothes"]/statBases</xpath>
							<value>
								<Bulk>1</Bulk>
								<WornBulk>0</WornBulk>
							</value>
						</li>
						
						<li Class="PatchOperationReplace">
							<xpath>Defs/ThingDef[defName="MR_Decipherslifeclothes"]/statBases/StuffEffectMultiplierArmor</xpath>
							<value>
								<StuffEffectMultiplierArmor>1</StuffEffectMultiplierArmor>
							</value>
						</li>
						
						<!-- ======= Maru Cook Clothes ====== -->
						<li Class="PatchOperationAdd">
							<xpath>Defs/ThingDef[defName="MR_cookclothes"]/statBases</xpath>
							<value>
								<Bulk>1</Bulk>
								<WornBulk>1</WornBulk>
								<CarryBulk>2</CarryBulk>
							</value>
						</li>
						
						<li Class="PatchOperationReplace">
							<xpath>Defs/ThingDef[defName="MR_cookclothes"]/statBases/StuffEffectMultiplierArmor</xpath>
							<value>
								<StuffEffectMultiplierArmor>1</StuffEffectMultiplierArmor>
							</value>
						</li>
						
						<!-- ======= Maru Work Clothes ====== -->
						<li Class="PatchOperationAdd">
							<xpath>Defs/ThingDef[defName="MR_workclothes"]/statBases</xpath>
							<value>
								<Bulk>1</Bulk>
								<WornBulk>0</WornBulk>
								<CarryWeight>1</CarryWeight>
								<CarryBulk>2</CarryBulk>
							</value>
						</li>
						
						<li Class="PatchOperationReplace">
							<xpath>Defs/ThingDef[defName="MR_workclothes"]/statBases/StuffEffectMultiplierArmor</xpath>
							<value>
								<StuffEffectMultiplierArmor>0.76</StuffEffectMultiplierArmor>
							</value>
						</li>
						
						<!-- ======= Maru Engineering Outfit ====== -->
						<li Class="PatchOperationAdd">
							<xpath>Defs/ThingDef[defName="MR_engineeringclothes"]/statBases</xpath>
							<value>
								<Bulk>1</Bulk>
								<WornBulk>0</WornBulk>
								<CarryWeight>2</CarryWeight>
								<CarryBulk>4</CarryBulk>
							</value>
						</li>
						
						<li Class="PatchOperationReplace">
							<xpath>Defs/ThingDef[defName="MR_engineeringclothes"]/statBases/StuffEffectMultiplierArmor</xpath>
							<value>
								<StuffEffectMultiplierArmor>0.88</StuffEffectMultiplierArmor>
							</value>
						</li>
						
						<!-- ======= Maru Forager's Clothes ====== -->
						<li Class="PatchOperationAdd">
							<xpath>Defs/ThingDef[defName="MR_farmclothes"]/statBases</xpath>
							<value>
								<Bulk>1</Bulk>
								<WornBulk>0</WornBulk>
								<CarryBulk>1</CarryBulk>
							</value>
						</li>
						
						<li Class="PatchOperationReplace">
							<xpath>Defs/ThingDef[defName="MR_farmclothes"]/statBases/StuffEffectMultiplierArmor</xpath>
							<value>
								<StuffEffectMultiplierArmor>1.5</StuffEffectMultiplierArmor>
							</value>
						</li>
						
						<!-- ======= Maru Sanitary Clothing ====== -->
						<li Class="PatchOperationAdd">
							<xpath>Defs/ThingDef[defName="MR_sanitaryclothing"]/statBases</xpath>
							<value>
								<Bulk>1</Bulk>
								<WornBulk>0</WornBulk>
								<CarryBulk>0</CarryBulk>
							</value>
						</li>
						
						<li Class="PatchOperationReplace">
							<xpath>Defs/ThingDef[defName="MR_sanitaryclothing"]/statBases/StuffEffectMultiplierArmor</xpath>
							<value>
								<StuffEffectMultiplierArmor>1</StuffEffectMultiplierArmor>
							</value>
						</li>
						
						<!-- ======= Maru Hunting Suit ====== -->
						<li Class="PatchOperationAdd">
							<xpath>Defs/ThingDef[defName="MR_huntingsuit"]/statBases</xpath>
							<value>
								<Bulk>1</Bulk>
								<WornBulk>1</WornBulk>
								<CarryBulk>2</CarryBulk>
							</value>
						</li>
						
						<li Class="PatchOperationReplace">
							<xpath>Defs/ThingDef[defName="MR_huntingsuit"]/statBases/ArmorRating_Blunt</xpath>
							<value>
								<ArmorRating_Blunt>0.5</ArmorRating_Blunt>
							</value>
						</li>
						
						<li Class="PatchOperationReplace">
							<xpath>Defs/ThingDef[defName="MR_huntingsuit"]/statBases/StuffEffectMultiplierArmor</xpath>
							<value>
								<StuffEffectMultiplierArmor>3</StuffEffectMultiplierArmor>
							</value>
						</li>
						
						<!-- ======= Maru Caravan hat ====== -->
						<li Class="PatchOperationAdd">
							<xpath>Defs/ThingDef[defName="MR_thermalhat"]/statBases</xpath>
							<value>
								<Bulk>1</Bulk>
								<WornBulk>1</WornBulk>
							</value>
						</li>
						
						<li Class="PatchOperationReplace">
							<xpath>Defs/ThingDef[defName="MR_thermalhat"]/statBases/StuffEffectMultiplierArmor</xpath>
							<value>
								<StuffEffectMultiplierArmor>2.5</StuffEffectMultiplierArmor>
							</value>
						</li>
						
						<!-- ======= Maru Caravan Clothes ====== -->
						<li Class="PatchOperationAdd">
							<xpath>Defs/ThingDef[defName="MR_merchantsclothes"]/statBases</xpath>
							<value>
								<Bulk>1</Bulk>
								<WornBulk>1</WornBulk>
								<CarryBulk>2</CarryBulk>
							</value>
						</li>
						
						<li Class="PatchOperationReplace">
							<xpath>Defs/ThingDef[defName="MR_merchantsclothes"]/statBases/StuffEffectMultiplierArmor</xpath>
							<value>
								<StuffEffectMultiplierArmor>2.5</StuffEffectMultiplierArmor>
							</value>
						</li>
						
						<!-- ======= Maru Musician Outfit ====== -->
						<li Class="PatchOperationAdd">
							<xpath>Defs/ThingDef[defName="MR_Musicianclo"]/statBases</xpath>
							<value>
								<Bulk>1</Bulk>
								<WornBulk>0</WornBulk>
							</value>
						</li>
						
						<li Class="PatchOperationReplace">
							<xpath>Defs/ThingDef[defName="MR_Musicianclo"]/statBases/StuffEffectMultiplierArmor</xpath>
							<value>
								<StuffEffectMultiplierArmor>1</StuffEffectMultiplierArmor>
							</value>
						</li>
						
						<!-- ======= Maru Musician Hat ====== -->
						<li Class="PatchOperationAdd">
							<xpath>Defs/ThingDef[defName="MR_Musicianhat"]/statBases</xpath>
							<value>
								<Bulk>.6</Bulk>
								<WornBulk>0</WornBulk>
							</value>
						</li>
						
						<li Class="PatchOperationReplace">
							<xpath>Defs/ThingDef[defName="MR_Musicianhat"]/statBases/StuffEffectMultiplierArmor</xpath>
							<value>
								<StuffEffectMultiplierArmor>1.5</StuffEffectMultiplierArmor>
							</value>
						</li>
						
						<!-- ======= Maru Musician's Coat ====== -->
						<li Class="PatchOperationAdd">
							<xpath>Defs/ThingDef[defName="MR_Musiciancoat"]/statBases</xpath>
							<value>
								<Bulk>1</Bulk>
								<WornBulk>.5</WornBulk>
							</value>
						</li>
						
						<li Class="PatchOperationReplace">
							<xpath>Defs/ThingDef[defName="MR_Musiciancoat"]/statBases/StuffEffectMultiplierArmor</xpath>
							<value>
								<StuffEffectMultiplierArmor>2</StuffEffectMultiplierArmor>
							</value>
						</li>
						
						<!-- ======= External Bulletproof Fibers ====== -->
						<li Class="PatchOperationAdd">
							<xpath>Defs/ThingDef[defName="MR_EBF"]/statBases</xpath>
							<value>
								<Bulk>4</Bulk>
								<WornBulk>4</WornBulk>
							</value>
						</li>
						
						<li Class="PatchOperationReplace">
							<xpath>Defs/ThingDef[defName="MR_EBF"]/statBases/ArmorRating_Sharp</xpath>
							<value>
								<ArmorRating_Sharp>5</ArmorRating_Sharp>
							</value>
						</li>
						
						<li Class="PatchOperationReplace">
							<xpath>Defs/ThingDef[defName="MR_EBF"]/statBases/ArmorRating_Blunt</xpath>
							<value>
								<ArmorRating_Blunt>4</ArmorRating_Blunt>
							</value>
						</li>
						
						<!-- ======= Negative Field Generator ====== -->
						<li Class="PatchOperationAdd">
							<xpath>Defs/ThingDef[defName="MR_NFG"]/statBases</xpath>
							<value>
								<Bulk>3</Bulk>
								<WornBulk>1</WornBulk>
							</value>
						</li>
						
						<li Class="PatchOperationReplace">
							<xpath>Defs/ThingDef[defName="MR_NFG"]/statBases/ArmorRating_Sharp</xpath>
							<value>
								<ArmorRating_Sharp>6</ArmorRating_Sharp>
							</value>
						</li>
						
						<li Class="PatchOperationReplace">
							<xpath>Defs/ThingDef[defName="MR_NFG"]/statBases/ArmorRating_Blunt</xpath>
							<value>
								<ArmorRating_Blunt>6</ArmorRating_Blunt>
							</value>
						</li>
					</operations>
				</match>
			</li>
		</operations>
	</Operation>
</Patch>