<?xml version="1.0" encoding="utf-8"?>
<Patch>
	<Operation Class="PatchOperationSequence">
		<operations>
			<li Class="PatchOperationFindMod">
				<mods>
					<li>Maru Race</li>
				</mods>
				<match Class="PatchOperationSequence">
					<operations>
					
						<li Class="PatchOperationAddModExtension">
							<xpath>Defs/AlienRace.ThingDef_AlienRace[defName="Maru"]</xpath>
							<value>
								<li Class="CombatExtended.RacePropertiesExtensionCE">
									<bodyShape>Humanoid</bodyShape>
								</li>
							</value>
						</li>
						
						<!-- Melee Tool & Basestats Defs -->
						<li Class="PatchOperationAdd">
							<xpath>Defs/AlienRace.ThingDef_AlienRace[defName="Maru"]/statBases</xpath>
							<value>
								<MeleeCritChance>0.8</MeleeCritChance>
								<MeleeParryChance>1.2</MeleeParryChance>
							</value>
						</li>
						
						<li Class="PatchOperationReplace">
							<xpath>Defs/AlienRace.ThingDef_AlienRace[defName="Maru"]/statBases/MeleeDodgeChance</xpath>
							<value>
								<MeleeDodgeChance>1.35</MeleeDodgeChance>
							</value>
						</li>
						
						<li Class="PatchOperationReplace">
							<xpath>Defs/AlienRace.ThingDef_AlienRace[defName="Maru"]/tools</xpath>
							<value>
								<tools>
									<li Class="CombatExtended.ToolCE">
										<label>left claws</label>
										<capacities>
											<li>Scratch</li>
										</capacities>
										<power>6</power>
										<cooldownTime>1.1</cooldownTime>
										<linkedBodyPartsGroup>LeftHand</linkedBodyPartsGroup>
										<armorPenetrationBlunt>0.48</armorPenetrationBlunt>
										<armorPenetrationSharp>0.15</armorPenetrationSharp>
									</li>
									<li Class="CombatExtended.ToolCE">
										<label>right claws</label>
										<capacities>
											<li>Scratch</li>
										</capacities>
										<power>6</power>
										<cooldownTime>1.1</cooldownTime>
										<linkedBodyPartsGroup>RightHand</linkedBodyPartsGroup>
										<armorPenetrationBlunt>0.48</armorPenetrationBlunt>
										<armorPenetrationSharp>0.15</armorPenetrationSharp>
									</li>
									<li Class="CombatExtended.ToolCE">
										<label>left fist</label>
										<capacities>
											<li>Blunt</li>
										</capacities>
										<power>3</power>
										<cooldownTime>1.2</cooldownTime>
										<linkedBodyPartsGroup>LeftHand</linkedBodyPartsGroup>
										<chanceFactor>0.5</chanceFactor>
										<armorPenetrationBlunt>0.55</armorPenetrationBlunt>
									</li>
									<li Class="CombatExtended.ToolCE">
										<label>right fist</label>
										<capacities>
											<li>Blunt</li>
										</capacities>
										<power>3</power>
										<cooldownTime>1.2</cooldownTime>
										<linkedBodyPartsGroup>RightHand</linkedBodyPartsGroup>
										<chanceFactor>0.5</chanceFactor>
										<armorPenetrationBlunt>0.55</armorPenetrationBlunt>
									</li>
									<li Class="CombatExtended.ToolCE">
										<label>teeth</label>
										<capacities>
											<li>Bite</li>
										</capacities>
										<power>8</power>
										<cooldownTime>1.4</cooldownTime>
										<linkedBodyPartsGroup>Teeth</linkedBodyPartsGroup>
										<chanceFactor>0.4</chanceFactor>
										<armorPenetrationBlunt>1.4</armorPenetrationBlunt>
										<armorPenetrationSharp>1.8</armorPenetrationSharp>
									</li>
									<li Class="CombatExtended.ToolCE">
										<label>head</label>
										<capacities>
											<li>Blunt</li>
										</capacities>
										<power>7</power>
										<cooldownTime>3</cooldownTime>
										<linkedBodyPartsGroup>Teeth</linkedBodyPartsGroup>
										<chanceFactor>0.1</chanceFactor>
										<armorPenetrationBlunt>0.8</armorPenetrationBlunt>
									</li>
								</tools>
							</value>
						</li>
						
						<!-- Inventory Support: UNNECESSARY! Maru Race Def inherits BasePawn, lol.
						<li Class="PatchOperationConditional">
							<xpath>Defs/AlienRace.ThingDef_AlienRace[defName="Maru"]/comps</xpath>
							<nomatch Class="PatchOperationAdd">
								<xpath>Defs/AlienRace.ThingDef_AlienRace[defName="Maru"]</xpath>
								<value>
									<comps>
										<li>
											<compClass>CombatExtended.CompPawnGizmo</compClass>
										</li>
										<li Class="CombatExtended.CompProperties_Suppressable" />
									</comps>
								</value>
							</nomatch>
							<match Class="PatchOperationReplace">
								<xpath>Defs/AlienRace.ThingDef_AlienRace[defName="Maru"]/comps</xpath>
								<value>
									<comps>
										<li>
											<compClass>CombatExtended.CompPawnGizmo</compClass>
										</li>
										<li Class="CombatExtended.CompProperties_Suppressable" />
									</comps>
								</value>
							</match>
						</li>
						-->
					</operations>
				</match>
			</li>
		</operations>
	</Operation>
</Patch>