<?xml version="1.0" encoding="utf-8"?>
<Patch>
	<Operation Class="PatchOperationFindMod">
		<mods>
			<li>Maru Race</li>
		</mods>
		<match Class="PatchOperationSequence">
			<operations>
				
				<li Class="PatchOperationAddModExtension">
					<xpath>Defs/PawnKindDef[defName="MRP_Outsider"]</xpath>
					<value>
						<li Class="CombatExtended.LoadoutPropertiesExtension">
							<primaryMagazineCount>
								<min>20</min>
								<max>45</max>
							</primaryMagazineCount>
						</li>
					</value>
				</li>
				
				<li Class="PatchOperationAddModExtension">
					<xpath>Defs/PawnKindDef[defName="MRP_Cooker"]</xpath>
					<value>
						<li Class="CombatExtended.LoadoutPropertiesExtension">
							<primaryMagazineCount>
								<min>10</min>
								<max>28</max>
							</primaryMagazineCount>
						</li>
					</value>
				</li>
				
				<li Class="PatchOperationAddModExtension">
					<xpath>Defs/PawnKindDef[defName="MRP_Caravan"]</xpath>
					<value>
						<li Class="CombatExtended.LoadoutPropertiesExtension">
							<primaryMagazineCount>
								<min>10</min>
								<max>25</max>
							</primaryMagazineCount>
						</li>
					</value>
				</li>
				
				<li Class="PatchOperationAddModExtension">
					<xpath>Defs/PawnKindDef[defName="MRP_Engineer"]</xpath>
					<value>
						<li Class="CombatExtended.LoadoutPropertiesExtension">
							<primaryMagazineCount>
								<min>10</min>
								<max>28</max>
							</primaryMagazineCount>
						</li>
					</value>
				</li>
				
				<li Class="PatchOperationAddModExtension">
					<xpath>Defs/PawnKindDef[defName="MRP_Work"]</xpath>
					<value>
						<li Class="CombatExtended.LoadoutPropertiesExtension">
							<primaryMagazineCount>
								<min>10</min>
								<max>20</max>
							</primaryMagazineCount>
						</li>
					</value>
				</li>
				
				<!-- <li Class="PatchOperationAddModExtension">
					<xpath>Defs/PawnKindDef[defName="MRP_Doctor"]</xpath>
					<value>
						<li Class="CombatExtended.LoadoutPropertiesExtension">
							<primaryMagazineCount>
								<min>5</min>
								<max>10</max>
							</primaryMagazineCount>
						</li>
					</value>
				</li> -->
				
				<li Class="PatchOperationAddModExtension">
					<xpath>Defs/PawnKindDef[defName="MRP_CHunter"]</xpath>
					<value>
						<li Class="CombatExtended.LoadoutPropertiesExtension">
							<primaryMagazineCount>
								<min>40</min>
								<max>60</max>
							</primaryMagazineCount>
						</li>
					</value>
				</li>
				
				<li Class="PatchOperationAddModExtension">
					<xpath>Defs/PawnKindDef[defName="MRP_Hunter"]</xpath>
					<value>
						<li Class="CombatExtended.LoadoutPropertiesExtension">
							<primaryMagazineCount>
								<min>20</min>
								<max>30</max>
							</primaryMagazineCount>
						</li>
					</value>
				</li>
				
				<li Class="PatchOperationAddModExtension">
					<xpath>Defs/PawnKindDef[defName="MRP_Deciphers"]</xpath>
					<value>
						<li Class="CombatExtended.LoadoutPropertiesExtension">
							<primaryMagazineCount>
								<min>40</min>
								<max>60</max>
							</primaryMagazineCount>
						</li>
					</value>
				</li>
				
				<li Class="PatchOperationAddModExtension">
					<xpath>Defs/PawnKindDef[defName="MRP_Techde"]</xpath>
					<value>
						<li Class="CombatExtended.LoadoutPropertiesExtension">
							<primaryMagazineCount>
								<min>40</min>
								<max>60</max>
							</primaryMagazineCount>
						</li>
					</value>
				</li>
				
				<li Class="PatchOperationAddModExtension">
					<xpath>Defs/PawnKindDef[defName="MRP_MountainRanger"]</xpath>
					<value>
						<li Class="CombatExtended.LoadoutPropertiesExtension">
							<primaryMagazineCount>
								<min>40</min>
								<max>60</max>
							</primaryMagazineCount>
						</li>
					</value>
				</li>
				
				<li Class="PatchOperationAddModExtension">
					<xpath>Defs/PawnKindDef[defName="MRP_fangs_A"]</xpath>
					<value>
						<li Class="CombatExtended.LoadoutPropertiesExtension">
							<primaryMagazineCount>
								<min>6</min>
								<max>12</max>
							</primaryMagazineCount>
						</li>
					</value>
				</li>
				
				<li Class="PatchOperationAddModExtension">
					<xpath>Defs/PawnKindDef[defName="MRP_fangs_M"]</xpath>
					<value>
						<li Class="CombatExtended.LoadoutPropertiesExtension">
							<primaryMagazineCount>
								<min>8</min>
								<max>16</max>
							</primaryMagazineCount>
						</li>
					</value>
				</li>
				
				<li Class="PatchOperationAddModExtension">
					<xpath>Defs/PawnKindDef[defName="MRP_fangs_RWH"]</xpath>
					<value>
						<li Class="CombatExtended.LoadoutPropertiesExtension">
							<primaryMagazineCount>
								<min>10</min>
								<max>20</max>
							</primaryMagazineCount>
						</li>
					</value>
				</li>
				
				<li Class="PatchOperationAddModExtension">
					<xpath>Defs/PawnKindDef[defName="MRP_fangs_R"]</xpath>
					<value>
						<li Class="CombatExtended.LoadoutPropertiesExtension">
							<primaryMagazineCount>
								<min>30</min>
								<max>50</max>
							</primaryMagazineCount>
						</li>
					</value>
				</li>
				
				<!--  <li Class="PatchOperationAddModExtension">
					<xpath>Defs/PawnKindDef[defName="MRP_Claws_CM"]</xpath>
					<value>
						<li Class="CombatExtended.LoadoutPropertiesExtension">
							<shieldMoney>
								<min>100</min>
								<max>600</max>
							</shieldMoney>
							<shieldTags>
								<li>???</li>
							</shieldTags>
							<shieldChance>0.85</shieldChance>
					</value>
				</li>  -->
				
				<!--  <li Class="PatchOperationAddModExtension">
					<xpath>Defs/PawnKindDef[defName="MRP_Claws_A"]</xpath>
					<value>
						<li Class="CombatExtended.LoadoutPropertiesExtension">
							<shieldMoney>
								<min>100</min>
								<max>600</max>
							</shieldMoney>
							<shieldTags>
								<li>???</li>
							</shieldTags>
							<shieldChance>0.85</shieldChance>
					</value>
				</li>  -->
				
				<!-- <li Class="PatchOperationAddModExtension">
					<xpath>Defs/PawnKindDef[defName="MRP_Claws_C"]</xpath>
					<value>
						<li Class="CombatExtended.LoadoutPropertiesExtension">
							<shieldMoney>
								<min>100</min>
								<max>600</max>
							</shieldMoney>
							<shieldTags>
								<li>???</li>
							</shieldTags>
							<shieldChance>0.85</shieldChance>
						</li>
					</value>
				</li> -->
				
				<!-- Replacing No Longer Relevant Weapon Tags -->
				
				<li Class="PatchOperationReplace">
					<xpath>Defs/PawnKindDef[defName="MRP_Work"]/weaponTags</xpath>
					<value>
						<weaponTags>
							<li>MRW_C_T1</li>
							<li>MRW_CPB_T1</li>
						</weaponTags>
					</value>
				</li>
				
				<li Class="PatchOperationReplace">
					<xpath>Defs/PawnKindDef[defName="MRP_Work"]/weaponTags</xpath>
					<value>
						<weaponTags>
							<li>MRW_C_T1</li>
							<li>MRW_WH_T1</li>
						</weaponTags>
					</value>
				</li>
				
				<li Class="PatchOperationReplace">
					<xpath>Defs/PawnKindDef[defName="MRP_Doctor"]/weaponTags</xpath>
					<value>
						<weaponTags>
							<li>MRW_C_T1</li>
						</weaponTags>
					</value>
				</li>
				
				<li Class="PatchOperationReplace">
					<xpath>Defs/PawnKindDef[defName="MRP_Hunter"]/weaponTags</xpath>
					<value>
						<weaponTags>
							<li>MRW_CPB_T1</li>
							<li>MRW_C_T1</li>
							<li>MRW_WH_T1</li>
						</weaponTags>
					</value>
				</li>
				
				<li Class="PatchOperationReplace">
					<xpath>Defs/PawnKindDef[defName="MRP_Deciphers"]/weaponTags</xpath>
					<value>
						<weaponTags>
							<li>MRW_CPB_T1</li>
						</weaponTags>
					</value>
				</li>
				
				<li Class="PatchOperationReplace">
					<xpath>Defs/PawnKindDef[defName="MRP_Techde"]/weaponTags</xpath>
					<value>
						<weaponTags>
							<li>MRW_CPB_T1</li>
						</weaponTags>
					</value>
				</li>
				
					
				<li Class="PatchOperationReplace">
					<xpath>Defs/PawnKindDef[defName="MRP_MountainRanger"]/weaponTags</xpath>
					<value>
						<weaponTags>
							<li>MRW_CPB_T1</li>
						</weaponTags>
					</value>
				</li>
				
				<li Class="PatchOperationReplace">
					<xpath>Defs/PawnKindDef[defName="MRP_fangs_A"]/weaponTags</xpath>
					<value>
						<weaponTags>
							<li>MRW_C_T1</li>
							<li>MRW_WH_T1</li>
							<li>MRW_CPB_T1</li>
						</weaponTags>
					</value>
				</li>
				
				<li Class="PatchOperationReplace">
					<xpath>Defs/PawnKindDef[defName="MRP_fangs_M"]/weaponTags</xpath>
					<value>
						<weaponTags>
							<li>MRW_C_T1</li>
							<li>MRW_WH_T1</li>
							<li>MRW_CPB_T1</li>
						</weaponTags>
					</value>
				</li>
				
				<li Class="PatchOperationReplace">
					<xpath>Defs/PawnKindDef[defName="MRP_fangs_RWH"]/weaponTags</xpath>
					<value>
						<weaponTags>
							<li>MRW_WH_T1</li>
							<li>MRW_CPB_T1</li>
						</weaponTags>
					</value>
				</li>
				
				<li Class="PatchOperationReplace">
					<xpath>Defs/PawnKindDef[defName="MRP_fangs_R"]/weaponTags</xpath>
					<value>
						<weaponTags>
							<li>MRW_CPB_T1</li>
						</weaponTags>
					</value>
				</li>
				
				<li Class="PatchOperationReplace">
					<xpath>Defs/PawnKindDef[defName="MRP_Claws_CM"]/weaponTags</xpath>
					<value>
						<weaponTags>
							<li>MRW_C_T1</li>
						</weaponTags>
					</value>
				</li>
				
				<li Class="PatchOperationReplace">
					<xpath>Defs/PawnKindDef[defName="MRP_Claws_A"]/weaponTags</xpath>
					<value>
						<weaponTags>
							<li>MRW_C_T1</li>
						</weaponTags>
					</value>
				</li>
				
				<li Class="PatchOperationReplace">
					<xpath>Defs/PawnKindDef[defName="MRP_Claws_C"]/weaponTags</xpath>
					<value>
						<weaponTags>
							<li>MRW_C_T1</li>
						</weaponTags>
					</value>
				</li>
				
			</operations>
		</match>
	</Operation>
</Patch>