<?xml version="1.0" encoding="utf-8" ?>
<Patch>
	<Operation Class="PatchOperationSequence">
		<success>Always</success>
		<operations>
			<li Class="PatchOperationFindMod">
				<mods>
					<li>Maru Race</li>
				</mods>
				<match Class="PatchOperationSequence">
					<operations>
						
						<!-- Compound Bow -->
						<li Class="CombatExtended.PatchOperationMakeGunCECompatible">
							<defName>MR_CPB_O</defName>
							<statBases>
								<Mass>1.5</Mass>
								<RangedWeapon_Cooldown>0.25</RangedWeapon_Cooldown>
								<SightsEfficiency>1.2</SightsEfficiency>
								<ShotSpread>0.1</ShotSpread>
								<SwayFactor>0.67</SwayFactor>
								<Bulk>3</Bulk>
								<WorkToMake>12500</WorkToMake>
							</statBases>
							<Properties>
								<verbClass>CombatExtended.Verb_ShootCE</verbClass>
								<hasStandardCommand>true</hasStandardCommand>
								<warmupTime>0.5</warmupTime>
								<range>24</range>
							</Properties>
							<AmmoUser>
								<magazineSize>0</magazineSize>
								<reloadTime>1.5</reloadTime>
								<ammoSet>AmmoSet_MR_Arrow</ammoSet>
							</AmmoUser>
							<FireModes>
								<aiAimMode>AimedShot</aiAimMode>
							</FireModes>
							<weaponTags>
								<li>CE_Bow</li>
							</weaponTags>
						</li>
						
						<li Class="PatchOperationRemove">
							<xpath>Defs/ThingDef[defName="MR_CPB_O"]/descriptionHyperlinks</xpath>
						</li>
						
						<!-- Compound Bow: High Angle-->
						<li Class="CombatExtended.PatchOperationMakeGunCECompatible">
							<defName>MR_CPB_OT</defName>
							<statBases>
								<Mass>1.5</Mass>
								<RangedWeapon_Cooldown>0.45</RangedWeapon_Cooldown>
								<SightsEfficiency>1.2</SightsEfficiency>
								<ShotSpread>0.3</ShotSpread>
								<SwayFactor>0.95</SwayFactor>
								<Bulk>3</Bulk>
								<WorkToMake>12500</WorkToMake>
							</statBases>
							<Properties>
								<verbClass>CombatExtended.Verb_ShootCE</verbClass>
								<hasStandardCommand>true</hasStandardCommand>
								<warmupTime>0.7</warmupTime>
								<range>36</range>
							</Properties>
							<AmmoUser>
								<magazineSize>0</magazineSize>
								<reloadTime>1.5</reloadTime>
								<ammoSet>AmmoSet_MR_Arrow</ammoSet>
							</AmmoUser>
							<FireModes>
								<aiAimMode>AimedShot</aiAimMode>
							</FireModes>
							<weaponTags>
								<li>CE_Bow</li>
							</weaponTags>
						</li>
						
						<li Class="PatchOperationRemove">
							<xpath>Defs/ThingDef[defName="MR_CPB_OT"]/descriptionHyperlinks</xpath>
						</li>
						
						<!-- Melee for Compound Bows -->
						<li Class="PatchOperationReplace">
							<xpath>Defs/ThingDef[
							defName="MR_CPB_O" or
							defName="MR_CPB_OT"
							]/tools</xpath>
							<value>
								<tools>
									<li Class="CombatExtended.ToolCE">
										<label>stock</label>
										<capacities>
											<li>Blunt</li>
										</capacities>
										<power>6</power>
										<cooldownTime>1.5</cooldownTime>
										<armorPenetrationBlunt>0.455</armorPenetrationBlunt>
										<linkedBodyPartsGroup>Stock</linkedBodyPartsGroup>
									</li>
								</tools>
							</value>
						</li>
						
						<!-- ==== Whaling Harpoon ==== -->
						
						<li Class="PatchOperationAttributeSet">
							<xpath>Defs/ThingDef[defName="MR_WH_O"]</xpath>
							<attribute>ParentName</attribute>
							<value>BaseWeapon</value>
						</li>
						
						<li Class="PatchOperationRemove">
							<xpath>Defs/ThingDef[defName="MR_WH_O"]/descriptionHyperlinks</xpath>
						</li>
						
						<li Class="PatchOperationRemove">
							<xpath>Defs/ThingDef[defName="MR_WH_O"]/costList</xpath>
						</li>
						
						<li Class="PatchOperationAdd">
							<xpath>Defs/ThingDef[defName="MR_WH_O"]/weaponTags</xpath>
							<value>
								<li>CE_OneHandedWeapon</li>
							</value>
						</li>
						
						<li Class="PatchOperationAdd">
							<xpath>Defs/ThingDef[defName="MR_WH_O"]</xpath>
							<value>
								<techLevel>Medieval</techLevel>
							</value>
						</li>
						
						<li Class="PatchOperationRemove">
							<xpath>Defs/ThingDef[defName="MR_WH_O"]/recipeMaker</xpath>
						</li>
						
						<li Class="PatchOperationReplace">
							<xpath>Defs/ThingDef[defName="MR_WH_O"]/statBases</xpath>
							<value>
								<statBases>
									<MarketValue>11</MarketValue>
									<SightsEfficiency>1.0</SightsEfficiency>
									<ShotSpread>1.2</ShotSpread>
									<SwayFactor>1.6</SwayFactor>
									<Bulk>2</Bulk>
									<Mass>2</Mass>
									<RangedWeapon_Cooldown>1</RangedWeapon_Cooldown>
								</statBases>
								<stackLimit>25</stackLimit>
							</value>
						</li>
						
						<li Class="PatchOperationReplace">
							<xpath>Defs/ThingDef[defName="MR_WH_O"]/verbs</xpath>
							<value>
								<verbs>
									<li Class="CombatExtended.VerbPropertiesCE">
										<verbClass>CombatExtended.Verb_ShootCEOneUse</verbClass>
										<hasStandardCommand>true</hasStandardCommand>
										<defaultProjectile>MR_WH_O_Thrown</defaultProjectile>
										<warmupTime>0.6</warmupTime>
										<range>16</range>
										<soundCast>Interact_BeatFire</soundCast>
									</li>
								</verbs>
							</value>
						</li>
						
						<!-- Melee for Whaling Harpoon -->
						
						<li Class="PatchOperationReplace">
							<xpath>Defs/ThingDef[defName="MR_WH_O"]/tools</xpath>
							<value>
								<tools>
									<li Class="CombatExtended.ToolCE">
										<label>shaft</label>
										<capacities>
											<li>Blunt</li>
										</capacities>
										<power>7</power>
										<chanceFactor>0.33</chanceFactor>
										<cooldownTime>1.35</cooldownTime>
										<armorPenetrationBlunt>2.25</armorPenetrationBlunt>
										<linkedBodyPartsGroup>Shaft</linkedBodyPartsGroup>
									</li>
									<li Class="CombatExtended.ToolCE">
										<label>point</label>
										<capacities>
											<li>Stab</li>
										</capacities>
										<power>14</power>
										<cooldownTime>1.37</cooldownTime>
										<armorPenetrationBlunt>1.74</armorPenetrationBlunt>
										<armorPenetrationSharp>0.47</armorPenetrationSharp>
										<linkedBodyPartsGroup>Point</linkedBodyPartsGroup>
									</li>
								</tools>
							</value>
						</li>
						
						<!-- Whaling Harpoon Projectile & Recipe -->
						
						<li Class="PatchOperationAdd">
							<xpath>Defs</xpath>
							<value>
								
								<ThingDef Class="CombatExtended.AmmoDef" ParentName="BasePilumProjectile">
									<defName>MR_WH_O_Thrown</defName>
									<label>thrown harpoon</label>
									<graphicData>
										<texPath>Things/Weapons/MR_WH_O_shot</texPath>
										<graphicClass>Graphic_Single</graphicClass>
									</graphicData>
									<projectile Class="CombatExtended.ProjectilePropertiesCE">
										<damageAmountBase>16</damageAmountBase>
										<speed>31</speed>
										<armorPenetrationBlunt>5.36</armorPenetrationBlunt>
										<armorPenetrationSharp>2.2</armorPenetrationSharp>
										<secondaryDamage>
											<li>
												<def>Stun</def>
												<amount>16</amount>
											</li>
										</secondaryDamage>
										<preExplosionSpawnChance>0.80</preExplosionSpawnChance>
										<preExplosionSpawnThingDef>MR_WH_O</preExplosionSpawnThingDef>
									</projectile>
								</ThingDef>
									
								<RecipeDef>
									<defName>MakeAmmo_MR_WH_O</defName>
									<label>make whaling harpoons</label>
									<description>Craft 5 whaling harpoons.</description>
									<workSpeedStat>GeneralLaborSpeed</workSpeedStat>
									<workSkill>Crafting</workSkill>
									<recipeUsers>
										<li>ElectricSmithy</li>
										<li>FueledSmithy</li>
									</recipeUsers>
									<effectWorking>Smelt</effectWorking>
									<unfinishedThingDef>UnfinishedWeapon</unfinishedThingDef>
									<workAmount>1800</workAmount>
									<jobString>Making Whaling Harpoons</jobString>
									<ingredients>
										<li>
											<filter>
												<thingDefs>
													<li>Steel</li>
												</thingDefs>
											</filter>
											<count>20</count>
										</li>
										<li>
											<filter>
												<thingDefs>
													<li>ComponentIndustrial</li>
												</thingDefs>
											</filter>
											<count>1</count>
										</li>
									</ingredients>
									<fixedIngredientFilter>
										<thingDefs>
											<li>Steel</li>
											<li>ComponentIndustrial</li>
										</thingDefs>
									</fixedIngredientFilter>
									<products>
										<MR_WH_O>5</MR_WH_O>
									</products>
								</RecipeDef>
								
							</value>
						</li>
						
						
						<!-- Remove Extra Variants & Variant Recipes-->
						<li Class="PatchOperationRemove">
							<xpath>Defs/ThingDef[
							defName="MR_WH_AO" or
							defName="MR_WH_AT" or
							defName="MR_WH_ATT" or
							defName="MR_WH_BO" or
							defName="MR_WH_BT" or
							defName="MR_WH_BTT" or
							defName="MR_CPB_AO" or
							defName="MR_CPB_AOT" or
							defName="MR_CPB_AT" or
							defName="MR_CPB_ATT" or
							defName="MR_CPB_BO" or
							defName="MR_CPB_BOT" or
							defName="MR_CPB_BT" or
							defName="MR_CPB_BTT"
							]</xpath>
						</li>
						
						<li Class="PatchOperationRemove">
							<xpath>Defs/RecipeDef[
							defName="MRMake_WHAOtoWHBO" or
							defName="MRMake_WHBOtoWHAO" or
							defName="MRMake_CPBAOtoCPBBO" or
							defName="MRMake_CPBBOtoCPBAO"
							]</xpath>
						</li>
						
						<!-- Cleaver -->
						
						<li Class="PatchOperationRemove">
							<xpath>Defs/ThingDef[defName="MR_C_O"]/descriptionHyperlinks</xpath>
						</li>
						
						<li Class="PatchOperationReplace">
							<xpath>Defs/ThingDef[defName="MR_C_O"]/tools</xpath>
							<value>
								<tools>
									<li Class="CombatExtended.ToolCE">
										<label>handle</label>
										<capacities>
											<li>Poke</li>
										</capacities>
										<power>1</power>
										<cooldownTime>1.26</cooldownTime>
										<chanceFactor>0.1</chanceFactor>
										<armorPenetrationBlunt>.25</armorPenetrationBlunt>
										<linkedBodyPartsGroup>Handle</linkedBodyPartsGroup>
									</li>
									<li Class="CombatExtended.ToolCE">
										<label>edge</label>
										<capacities>
											<li>Cut</li>
										</capacities>
										<power>12</power>
										<cooldownTime>1.18</cooldownTime>
										<armorPenetrationBlunt>.67</armorPenetrationBlunt>
										<armorPenetrationSharp>.45</armorPenetrationSharp>
										<linkedBodyPartsGroup>Edge</linkedBodyPartsGroup>
									</li>
									
								</tools>
							</value>
						</li>
						
						<li Class="PatchOperationAdd">
							<xpath>Defs/ThingDef[defName="MR_C_O"]/statBases</xpath>
							<value>
								<Bulk>2</Bulk>
							</value>
						</li>
						
						<li Class="PatchOperationAdd">
							<xpath>Defs/ThingDef[defName="MR_C_O"]/equippedStatOffsets</xpath>
							<value>
								<MeleeCritChance>0.15</MeleeCritChance>
								<MeleeParryChance>0.2</MeleeParryChance>
								<MeleeDodgeChance>0.3</MeleeDodgeChance>
							</value>
						</li>
						
						<li Class="PatchOperationAdd">
							<xpath>Defs/ThingDef[defName="MR_C_O"]/weaponTags</xpath>
							<value>
								<li>CE_OneHandedWeapon</li>
							</value>
						</li>
						
						<!-- Hand Axe -->
						<li Class="PatchOperationRemove">
							<xpath>Defs/ThingDef[defName="MR_HA_O"]/verbs</xpath>
						</li>
						
						<li Class="PatchOperationRemove">
							<xpath>Defs/ThingDef[defName="MR_HA_O"]/descriptionHyperlinks</xpath>
						</li>
						
						
						<li Class="PatchOperationReplace">
							<xpath>Defs/ThingDef[defName="MR_HA_O"]/tools</xpath>
							<value>
								<tools>
									<li Class="CombatExtended.ToolCE">
										<label>handle</label>
										<capacities>
											<li>Poke</li>
										</capacities>
										<power>2</power>
										<cooldownTime>1.59</cooldownTime>
										<armorPenetrationBlunt>.625</armorPenetrationBlunt>
										<armorPenetrationSharp>0</armorPenetrationSharp>
										<linkedBodyPartsGroup>Handle</linkedBodyPartsGroup>
									</li>
									<li Class="CombatExtended.ToolCE">
										<label>blade</label>
										<capacities>
											<li>Cut</li>
										</capacities>
										<power>18</power>
										<cooldownTime>2.8</cooldownTime>
										<armorPenetrationBlunt>2.15</armorPenetrationBlunt>
										<armorPenetrationSharp>.68</armorPenetrationSharp>
										<linkedBodyPartsGroup>Blade</linkedBodyPartsGroup>
									</li>
									<li Class="CombatExtended.ToolCE">
										<label>point</label>
										<capacities>
											<li>Stab</li>
										</capacities>
										<power>10</power>
										<cooldownTime>2</cooldownTime>
										<armorPenetrationBlunt>2.15</armorPenetrationBlunt>
										<armorPenetrationSharp>.87</armorPenetrationSharp>
										<linkedBodyPartsGroup>Blade</linkedBodyPartsGroup>
									</li>
								</tools>
							</value>
						</li>
						
						<!-- Remove Extra Variants & Variant Recipes -->
						<li Class="PatchOperationRemove">
							<xpath>Defs/ThingDef[
								defName="MR_HA_AO" or
								defName="MR_HA_AT" or
								defName="MR_HA_BO" or
								defName="MR_HA_BT" or
								defName="MR_C_AO" or
								defName="MR_C_AT" or
								defName="MR_C_ATT" or
								defName="MR_C_BO" or
								defName="MR_C_BT" or
								defName="MR_C_BTT"
								]</xpath>
						</li>
						
						<li Class="PatchOperationRemove">
							<xpath>Defs/RecipeDef[
								defName="MRMake_CAOtoCBO" or
								defName="MRMake_CBOtoCAO" or
								defName="MRMake_HAAOtoHABO" or
								defName="MRMake_HABOtoHAAO" or
								defName="MRHT_LittleC"
								]</xpath>
						</li>
						
					</operations>
				</match>
			</li>
		</operations>
	</Operation>
</Patch>
