<?xml version="1.0" encoding="utf-8"?>

<ModMetaData>
	<packageId>MLKV.MaruRaceCEPatch</packageId>
	<name>Maru Race CE Patch</name>
	<authors>
		<li>Molokov</li>
	</authors>
	<description>
	Simple CE patch for the Maru Race; incomplete.
	</description>
	<supportedVersions>
		<li>1.4</li>
	</supportedVersions>
	<modDependencies>
		<li>
			<packageId>VAMV.MaruRaceMod</packageId>
			<displayName>Maru Race</displayName>
		</li>
	</modDependencies>
	<modVersion>1.0</modVersion>
	<loadAfter>
		<li>VAMV.MaruRaceMod</li>
		<li>CETeam.CombatExtended</li>
	</loadAfter>
</ModMetaData>